<?xml version="1.0" encoding="UTF-8"?>
<beans
	xmlns="http://www.springframework.org/schema/beans"
	xmlns:xsi="http://www.w3.org/2001/XMLSchema-instance"
	xmlns:p="http://www.springframework.org/schema/p"
	xmlns:context="http://www.springframework.org/schema/context"
	xsi:schemaLocation="http://www.springframework.org/schema/beans 
	http://www.springframework.org/schema/beans/spring-beans-3.0.xsd
	http://www.springframework.org/schema/context 
    http://www.springframework.org/schema/context/spring-context-3.0.xsd">

	 <!-- 项目的扩展参数Map -->
    <bean id = "appExtConfig" class = "java.util.HashMap">
		<constructor-arg>
			<map>
				<entry key = "filePath">
					<value>E:\\</value>
				</entry>
			</map>
		</constructor-arg>
    </bean>
	
</beans>