<?xml version='1.0' encoding='UTF-8'?>
<!DOCTYPE hibernate-configuration PUBLIC
          "-//Hibernate/Hibernate Configuration DTD 3.0//EN"
          "http://hibernate.sourceforge.net/hibernate-configuration-3.0.dtd">

<hibernate-configuration>

	<session-factory>
	
		<property name="dialect">
			org.hibernate.dialect.OracleDialect
		</property>
		<property name="connection.url">
			jdbc:oracle:thin:@localhost:1521:orcl
		</property>
		<property name="connection.username">scott</property>
		<property name="connection.password">ffffff</property>
		<property name="connection.driver_class">
			oracle.jdbc.driver.OracleDriver
		</property>

		<property name="show_sql">true</property>
		<property name="format_sql">true</property>

		<mapping resource="com/fred/trying/entity/CrmCommunityBuilding.hbm.xml" />
		<mapping resource="com/fred/stock/entity/StockType.hbm.xml" />
		<mapping resource="com/fred/stock/entity/StockData.hbm.xml" /> 

	</session-factory>

</hibernate-configuration>