<?xml version="1.0" encoding="UTF-8"?> 
<beans xmlns="http://www.springframework.org/schema/beans" 
       xmlns:xsi="http://www.w3.org/2001/XMLSchema-instance" 
       xmlns:context="http://www.springframework.org/schema/context" 
       xmlns:aop="http://www.springframework.org/schema/aop" 
       xmlns:tx="http://www.springframework.org/schema/tx" 
       xsi:schemaLocation="http://www.springframework.org/schema/beans 
           http://www.springframework.org/schema/beans/spring-beans-2.5.xsd 
           http://www.springframework.org/schema/context 
           http://www.springframework.org/schema/context/spring-context-2.5.xsd 
           http://www.springframework.org/schema/aop 
           http://www.springframework.org/schema/aop/spring-aop-2.5.xsd 
           http://www.springframework.org/schema/tx 
           http://www.springframework.org/schema/tx/spring-tx-2.5.xsd"> 

	<context:annotation-config /> 

	<!-- JPA Common configuration --> 
	<bean class="org.springframework.orm.jpa.support.PersistenceAnnotationBeanPostProcessor" /> 
	<bean class="org.springframework.dao.annotation.PersistenceExceptionTranslationPostProcessor" /> 

	<!--配置JPA数据源 -->	
	<bean id="dataSource" class="org.apache.commons.dbcp.BasicDataSource"  destroy-method="close">       
	    <property name="driverClassName" value="oracle.jdbc.driver.OracleDriver" />      
	    <property name="url" value="jdbc:oracle:thin:@localhost:1521:orcl" />      
	    <property name="username" value="scott" />      
	    <property name="password" value="ffffff" /> 
	</bean> 
	
	<!-- default EntityManager Configuration --> 
	<bean id="entityManagerFactory" class="org.springframework.orm.jpa.LocalContainerEntityManagerFactoryBean"> 
		<property name="dataSource" ref="dataSource" /> 
		<property name="persistenceXmlLocation" value="classpath:persistence.xml" /> 
		<property name="jpaPropertyMap"> 
			<props> 
				<prop key="hibernate.dialect">org.hibernate.dialect.OracleDialect</prop> 
				<prop key="hibernate.show_sql">true</prop> 
				<prop key="hibernate.format_sql">true</prop> 
			</props> 
		</property> 
	
		<!-- <property name="loadTimeWeaver">  -->
		<!--    <bean class="org.springframework.instrument.classloading.InstrumentationLoadTimeWeaver"/>  -->
		<!--  </property>  -->
	</bean> 
	
	<bean id="entityManager" class="org.springframework.orm.jpa.support.SharedEntityManagerBean"> 
		<property name="entityManagerFactory" ref="entityManagerFactory" /> 
	</bean> 
	
	<bean id="transactionManager" class="org.springframework.orm.jpa.JpaTransactionManager">
       <property name="entityManagerFactory">
	       <ref bean="entityManagerFactory"/>
       </property> 
	</bean>

	<tx:annotation-driven transaction-manager="transactionManager" />

</beans> 