{"total":10,"rows":[
	{"userId":"1","userName":"Koi","name":"管理员","sex":"男","department":"Large"},
	{"userId":"2","userName":"Dalmation","name":"管理员","sex":"男","department":"Spotted Adult Female"},
	{"userId":"3","userName":"Rattlesnake","name":"管理员","sex":"男","department":"Venomless"},
	{"userId":"4","userName":"Rattlesnake","name":"管理员","sex":"男","department":"Rattleless"},
	{"userId":"5","userName":"Iguana","name":"管理员","sex":"男","department":"Green Adult"},
	{"userId":"6","userName":"Manx","name":"管理员","sex":"男","department":"Tailless"},
	{"userId":"7","userName":"Manx","name":"管理员","sex":"男","department":"With tail"},
	{"userId":"8","userName":"Persian","name":"管理员","sex":"男","department":"Adult Female"},
	{"userId":"9","userName":"Persian","name":"管理员","sex":"男","department":"Adult Male"}
]}