<?xml version="1.0" encoding="utf-8"?>
<!DOCTYPE hibernate-mapping PUBLIC "-//Hibernate/Hibernate Mapping DTD 3.0//EN"
"http://hibernate.sourceforge.net/hibernate-mapping-3.0.dtd">
<!-- 
    Mapping file autogenerated by MyEclipse Persistence Tools
-->
<hibernate-mapping>
    <class name="com.fred.trying.entity.CrmCommunityBuilding" table="CRM_COMMUNITY_BUILDING" schema="SCOTT">
        <id name="buildingId" type="java.lang.String">
            <column name="BUILDING_ID" length="32" />
            <generator class="assigned" />
        </id>
        <property name="communityId" type="java.lang.String">
            <column name="COMMUNITY_ID" length="32">
                <comment>小区ID</comment>
            </column>
        </property>
        <property name="projectId" type="java.lang.String">
            <column name="PROJECT_ID" length="32">
                <comment>工程ID</comment>
            </column>
        </property>
        <property name="buildingCode" type="java.lang.String">
            <column name="BUILDING_CODE" length="32">
                <comment>X号楼</comment>
            </column>
        </property>
        <property name="buildingName" type="java.lang.String">
            <column name="BUILDING_NAME" length="64">
                <comment>楼宇名称</comment>
            </column>
        </property>
        <property name="buildingUnit" type="java.lang.Short">
            <column name="BUILDING_UNIT" precision="3" scale="0">
                <comment>单元数</comment>
            </column>
        </property>
        <property name="buildingLevel" type="java.lang.Short">
            <column name="BUILDING_LEVEL" precision="3" scale="0">
                <comment>楼层数</comment>
            </column>
        </property>
        <property name="levelCount" type="java.lang.Short">
            <column name="LEVEL_COUNT" precision="3" scale="0">
                <comment>每层户数</comment>
            </column>
        </property>
        <property name="buildUnit" type="java.lang.String">
            <column name="BUILD_UNIT" length="128">
                <comment>施工单位</comment>
            </column>
        </property>
        <property name="createdStamp" type="java.util.Date">
            <column name="CREATED_STAMP" length="7">
                <comment>创建时间</comment>
            </column>
        </property>
        <property name="createdByUserLogin" type="java.lang.String">
            <column name="CREATED_BY_USER_LOGIN" length="100">
                <comment>创建人</comment>
            </column>
        </property>
        <property name="lastUpdatedStamp" type="java.util.Date">
            <column name="LAST_UPDATED_STAMP" length="7">
                <comment>最后更新时间</comment>
            </column>
        </property>
        <property name="lastModifiedByUserLogin" type="java.lang.String">
            <column name="LAST_MODIFIED_BY_USER_LOGIN" length="100">
                <comment>最后修改人</comment>
            </column>
        </property>
        <property name="remark" type="java.lang.String">
            <column name="REMARK" length="400">
                <comment>备注</comment>
            </column>
        </property>
    </class>
</hibernate-mapping>
