<?xml version="1.0" encoding="utf-8"?>
<!DOCTYPE hibernate-mapping PUBLIC "-//Hibernate/Hibernate Mapping DTD 3.0//EN"
"http://hibernate.sourceforge.net/hibernate-mapping-3.0.dtd">
<!-- 
    Mapping file autogenerated by MyEclipse Persistence Tools
-->
<hibernate-mapping>
    <class name="com.fred.stock.entity.StockData" table="STOCK_DATA" schema="SCOTT">
        <id name="uuid" type="java.lang.String">
            <column name="UUID" length="32" />
            <generator class="assigned" />
        </id>
        <property name="code" type="java.lang.String">
            <column name="CODE" length="32" />
        </property>
        <property name="date" type="java.lang.String">
            <column name="DATE" length="32" />
        </property>
        <property name="open" type="java.lang.Double">
            <column name="OPEN" precision="32" scale="16" />
        </property>
        <property name="high" type="java.lang.Double">
            <column name="HIGH" precision="32" scale="16" />
        </property>
        <property name="low" type="java.lang.Double">
            <column name="LOW" precision="32" scale="16" />
        </property>
        <property name="close" type="java.lang.Double">
            <column name="CLOSE" precision="32" scale="16" />
        </property>
        <property name="volume" type="java.lang.Double">
            <column name="VOLUME" precision="32" scale="8" />
        </property>
    </class>
</hibernate-mapping>
