<?xml version="1.0" encoding="utf-8"?>
<!DOCTYPE hibernate-mapping PUBLIC "-//Hibernate/Hibernate Mapping DTD 3.0//EN"
"http://hibernate.sourceforge.net/hibernate-mapping-3.0.dtd">
<!-- 
    Mapping file autogenerated by MyEclipse Persistence Tools
-->
<hibernate-mapping>
    <class name="com.fred.stock.entity.StockType" table="STOCK_TYPE" schema="SCOTT">
        <id name="stockId" type="java.lang.String">
            <column name="STOCK_ID" length="32" />
            <generator class="assigned" />
        </id>
        <property name="stockCode" type="java.lang.String">
            <column name="STOCK_CODE" length="32" />
        </property>
        <property name="stockName" type="java.lang.String">
            <column name="STOCK_NAME" length="32" />
        </property>
        <property name="editFlag" type="java.lang.String">
            <column name="EDIT_FLAG" length="1" />
        </property>
    </class>
</hibernate-mapping>
